-- phpMyAdmin SQL Dump
-- version 4.1.14
-- http://www.phpmyadmin.net
--
-- Client :  127.0.0.1
-- Généré le :  Jeu 09 Avril 2015 à 14:32
-- Version du serveur :  5.6.17
-- Version de PHP :  5.5.12

SET SQL_MODE = "NO_AUTO_VALUE_ON_ZERO";
SET time_zone = "+00:00";


/*!40101 SET @OLD_CHARACTER_SET_CLIENT=@@CHARACTER_SET_CLIENT */;
/*!40101 SET @OLD_CHARACTER_SET_RESULTS=@@CHARACTER_SET_RESULTS */;
/*!40101 SET @OLD_COLLATION_CONNECTION=@@COLLATION_CONNECTION */;
/*!40101 SET NAMES utf8 */;

--
-- Base de données :  `g4monitor`
--

-- --------------------------------------------------------

--
-- Structure de la table `allocation`
--

CREATE TABLE IF NOT EXISTS `allocation` (
  `idAllocation` int(11) NOT NULL AUTO_INCREMENT,
  `IPAddress` varchar(15) NOT NULL,
  `deviceMAC` varchar(17) NOT NULL,
  `allocationDate` datetime NOT NULL,
  PRIMARY KEY (`idAllocation`),
  KEY `deviceMAC` (`deviceMAC`),
  KEY `deviceMAC_2` (`deviceMAC`),
  KEY `deviceMAC_3` (`deviceMAC`)
) ENGINE=InnoDB  DEFAULT CHARSET=latin1 AUTO_INCREMENT=53 ;

--
-- Contenu de la table `allocation`
--

INSERT INTO `allocation` (`idAllocation`, `IPAddress`, `deviceMAC`, `allocationDate`) VALUES
(4, '192.168.31.191\n', '00:87:41:32:03:2D', '2015-04-09 10:32:00'),
(5, '192.168.31.191\n', '00:87:41:32:03:2D', '2015-04-09 10:32:11'),
(6, '192.168.31.191\n', '00:87:41:32:03:2D', '2015-04-09 10:33:48'),
(7, '192.168.31.191\n', '00:87:41:32:03:2D', '2015-04-09 10:34:09'),
(8, '192.168.56.1\n', '00:50:56:C0:00:01', '2015-04-09 10:34:17'),
(9, '192.168.31.191\n', '00:87:41:32:03:2D', '2015-04-09 10:53:10'),
(10, '192.168.31.191\n', '00:87:41:32:03:2D', '2015-04-09 10:53:43'),
(11, '192.168.31.191\n', '00:87:41:32:03:2D', '2015-04-09 10:54:15'),
(12, '192.168.31.191\n', '00:87:41:32:03:2D', '2015-04-09 10:54:40'),
(13, '192.168.31.191\n', '00:87:41:32:03:2D', '2015-04-09 10:55:18'),
(14, '192.168.31.191\n', '00:87:41:32:03:2D', '2015-04-09 10:55:49'),
(15, '192.168.31.191\n', '00:87:41:32:03:2D', '2015-04-09 11:01:16'),
(16, '192.168.31.191\n', '00:87:41:32:03:2D', '2015-04-09 11:02:15'),
(17, '192.168.31.191\n', '00:87:41:32:03:2D', '2015-04-09 11:04:34'),
(18, '192.168.56.1\n', '00:50:56:C0:00:01', '2015-04-09 11:06:31'),
(19, '192.168.56.1\n', '00:50:56:C0:00:01', '2015-04-09 11:29:48'),
(20, '192.168.56.1\n', '00:50:56:C0:00:01', '2015-04-09 11:30:06'),
(21, '192.168.56.1\n', '00:50:56:C0:00:01', '2015-04-09 11:30:34'),
(22, '192.168.56.1\n', '00:50:56:C0:00:01', '2015-04-09 12:01:06'),
(23, '192.168.56.1\n', '00:50:56:C0:00:01', '2015-04-09 12:01:12'),
(24, '192.168.56.1\n', '00:50:56:C0:00:01', '2015-04-09 12:01:40'),
(25, '192.168.56.1\n', '00:50:56:C0:00:01', '2015-04-09 12:02:17'),
(26, '192.168.56.1\n', '00:50:56:C0:00:01', '2015-04-09 12:02:38'),
(27, '192.168.56.1\n', '00:50:56:C0:00:01', '2015-04-09 12:02:57'),
(28, '192.168.56.1\n', '00:50:56:C0:00:01', '2015-04-09 12:03:20'),
(29, '192.168.56.1\n', '00:50:56:C0:00:01', '2015-04-09 12:03:50'),
(30, '192.168.56.1\n', '00:50:56:C0:00:01', '2015-04-09 12:03:59'),
(31, '192.168.56.1\n', '00:50:56:C0:00:01', '2015-04-09 12:04:13'),
(32, '192.168.56.1\n', '00:50:56:C0:00:01', '2015-04-09 12:05:01'),
(33, '192.168.56.1\n', '00:50:56:C0:00:01', '2015-04-09 12:05:25'),
(34, '192.168.56.1\n', '00:50:56:C0:00:01', '2015-04-09 12:05:37'),
(35, '192.168.56.1\n', '00:50:56:C0:00:01', '2015-04-09 12:06:13'),
(36, '192.168.56.1\n', '00:50:56:C0:00:01', '2015-04-09 12:06:34'),
(37, '192.168.56.1\n', '00:50:56:C0:00:01', '2015-04-09 12:06:47'),
(38, '192.168.56.1\n', '00:50:56:C0:00:01', '2015-04-09 12:06:55'),
(39, '192.168.56.1\n', '00:50:56:C0:00:01', '2015-04-09 12:07:04'),
(40, '192.168.56.1\n', '00:50:56:C0:00:01', '2015-04-09 12:07:09'),
(41, '192.168.56.1\n', '00:50:56:C0:00:01', '2015-04-09 12:07:25'),
(42, '192.168.56.1\n', '00:50:56:C0:00:01', '2015-04-09 12:07:33'),
(43, '192.168.56.1\n', '00:50:56:C0:00:01', '2015-04-09 12:07:43'),
(44, '192.168.56.1\n', '00:50:56:C0:00:01', '2015-04-09 12:08:11'),
(45, '192.168.56.1\n', '00:50:56:C0:00:01', '2015-04-09 12:08:17'),
(46, '192.168.56.1\n', '00:50:56:C0:00:01', '2015-04-09 12:21:16'),
(47, '192.168.56.1\n', '00:50:56:C0:00:01', '2015-04-09 12:32:29'),
(48, '192.168.56.1\n', '00:50:56:C0:00:01', '2015-04-09 12:33:26'),
(49, '', 'undefined', '2015-04-09 13:35:17'),
(50, '192.168.56.1\n', '00:50:56:C0:00:01', '2015-04-09 13:44:31'),
(51, '192.168.56.1\n', '00:50:56:C0:00:01', '2015-04-09 13:52:27'),
(52, '192.168.31.191\n', '00:87:41:32:03:2D', '2015-04-09 14:09:22');

-- --------------------------------------------------------

--
-- Structure de la table `device`
--

CREATE TABLE IF NOT EXISTS `device` (
  `deviceMac` varchar(17) NOT NULL,
  `deviceName` varchar(50) NOT NULL,
  `deviceOS` varchar(25) NOT NULL,
  `deviceOSVersion` varchar(10) NOT NULL,
  `deviceProcessor` varchar(15) NOT NULL,
  `deviceSaveDate` datetime NOT NULL,
  `deviceLastUpdateDate` datetime NOT NULL,
  PRIMARY KEY (`deviceMac`),
  UNIQUE KEY `deviceMac` (`deviceMac`)
) ENGINE=InnoDB DEFAULT CHARSET=latin1;

--
-- Contenu de la table `device`
--

INSERT INTO `device` (`deviceMac`, `deviceName`, `deviceOS`, `deviceOSVersion`, `deviceProcessor`, `deviceSaveDate`, `deviceLastUpdateDate`) VALUES
('00:50:56:C0:00:01', 'PortableRobin\n', 'Windows 8.1\n', '6.3\n', 'amd64\n', '2015-04-07 18:19:28', '2015-04-09 13:52:27'),
('00:87:41:32:03:2D', 'Rowmain\n', 'Windows 7\n', '6.1\n', 'x86\n', '2015-04-09 09:30:52', '2015-04-09 14:09:22'),
('08:00:27:00:C4:85', 'NewArtefact\n', 'Windows 8.1\n', '6.3\n', 'amd64\n', '2015-04-08 01:30:02', '2015-04-08 01:51:13'),
('undefined', 'undefined', 'undefined', 'undefined', 'undefined', '2015-04-09 09:34:12', '2015-04-09 13:35:17');

-- --------------------------------------------------------

--
-- Structure de la table `ram`
--

CREATE TABLE IF NOT EXISTS `ram` (
  `idRAM` int(11) NOT NULL AUTO_INCREMENT,
  `usedRAM` int(11) NOT NULL,
  `totalRAM` int(11) NOT NULL,
  `percentUsedRAM` double NOT NULL,
  `deviceMac` varchar(17) NOT NULL,
  `allocationDate` datetime NOT NULL,
  PRIMARY KEY (`idRAM`),
  KEY `deviceMac` (`deviceMac`)
) ENGINE=InnoDB  DEFAULT CHARSET=latin1 AUTO_INCREMENT=43 ;

--
-- Contenu de la table `ram`
--

INSERT INTO `ram` (`idRAM`, `usedRAM`, `totalRAM`, `percentUsedRAM`, `deviceMac`, `allocationDate`) VALUES
(7, 3026080, 4101092, 71, '00:87:41:32:03:2D', '2015-04-09 11:04:34'),
(8, 6119920, 16657380, 34, '00:50:56:C0:00:01', '2015-04-09 11:06:31'),
(9, 6120804, 16657380, 34, '00:50:56:C0:00:01', '2015-04-09 11:29:48'),
(10, 6146848, 16657380, 34, '00:50:56:C0:00:01', '2015-04-09 11:30:06'),
(11, 6148824, 16657380, 34, '00:50:56:C0:00:01', '2015-04-09 11:30:34'),
(12, 6247016, 16657380, 34, '00:50:56:C0:00:01', '2015-04-09 12:01:06'),
(13, 6248388, 16657380, 34, '00:50:56:C0:00:01', '2015-04-09 12:01:12'),
(14, 6217624, 16657380, 34, '00:50:56:C0:00:01', '2015-04-09 12:01:40'),
(15, 6202592, 16657380, 34, '00:50:56:C0:00:01', '2015-04-09 12:02:17'),
(16, 6216952, 16657380, 34, '00:50:56:C0:00:01', '2015-04-09 12:02:38'),
(17, 6200984, 16657380, 34, '00:50:56:C0:00:01', '2015-04-09 12:02:57'),
(18, 6205624, 16657380, 34, '00:50:56:C0:00:01', '2015-04-09 12:03:20'),
(19, 6220420, 16657380, 34, '00:50:56:C0:00:01', '2015-04-09 12:03:50'),
(20, 6225984, 16657380, 34, '00:50:56:C0:00:01', '2015-04-09 12:03:59'),
(21, 6236480, 16657380, 34, '00:50:56:C0:00:01', '2015-04-09 12:04:13'),
(22, 6239784, 16657380, 34, '00:50:56:C0:00:01', '2015-04-09 12:05:01'),
(23, 6266476, 16657380, 34, '00:50:56:C0:00:01', '2015-04-09 12:05:25'),
(24, 6265736, 16657380, 34, '00:50:56:C0:00:01', '2015-04-09 12:05:37'),
(25, 6393476, 16657380, 35, '00:50:56:C0:00:01', '2015-04-09 12:06:13'),
(26, 6401820, 16657380, 35, '00:50:56:C0:00:01', '2015-04-09 12:06:34'),
(27, 6409876, 16657380, 35, '00:50:56:C0:00:01', '2015-04-09 12:06:47'),
(28, 6422372, 16657380, 35, '00:50:56:C0:00:01', '2015-04-09 12:06:55'),
(29, 6432944, 16657380, 35, '00:50:56:C0:00:01', '2015-04-09 12:07:04'),
(30, 6446408, 16657380, 36, '00:50:56:C0:00:01', '2015-04-09 12:07:09'),
(31, 6455764, 16657380, 36, '00:50:56:C0:00:01', '2015-04-09 12:07:25'),
(32, 6465572, 16657380, 36, '00:50:56:C0:00:01', '2015-04-09 12:07:33'),
(33, 6475096, 16657380, 36, '00:50:56:C0:00:01', '2015-04-09 12:07:43'),
(34, 6479156, 16657380, 36, '00:50:56:C0:00:01', '2015-04-09 12:08:11'),
(35, 6484324, 16657380, 36, '00:50:56:C0:00:01', '2015-04-09 12:08:17'),
(36, 6435072, 16657380, 35, '00:50:56:C0:00:01', '2015-04-09 12:21:17'),
(37, 6347216, 16657380, 35, '00:50:56:C0:00:01', '2015-04-09 12:32:29'),
(38, 6343756, 16657380, 35, '00:50:56:C0:00:01', '2015-04-09 12:33:26'),
(39, 0, 0, 0, 'undefined', '2015-04-09 13:35:17'),
(40, 6646232, 16657380, 37, '00:50:56:C0:00:01', '2015-04-09 13:44:31'),
(41, 6734188, 16657380, 37, '00:50:56:C0:00:01', '2015-04-09 13:52:27'),
(42, 2262236, 4101092, 53, '00:87:41:32:03:2D', '2015-04-09 14:09:22');

--
-- Contraintes pour les tables exportées
--

--
-- Contraintes pour la table `allocation`
--
ALTER TABLE `allocation`
  ADD CONSTRAINT `allocation_ibfk_1` FOREIGN KEY (`deviceMAC`) REFERENCES `device` (`deviceMac`);

--
-- Contraintes pour la table `ram`
--
ALTER TABLE `ram`
  ADD CONSTRAINT `ram_ibfk_1` FOREIGN KEY (`deviceMac`) REFERENCES `device` (`deviceMac`);

/*!40101 SET CHARACTER_SET_CLIENT=@OLD_CHARACTER_SET_CLIENT */;
/*!40101 SET CHARACTER_SET_RESULTS=@OLD_CHARACTER_SET_RESULTS */;
/*!40101 SET COLLATION_CONNECTION=@OLD_COLLATION_CONNECTION */;
